,Vocal_channel,emotional_intensity,statement,Repetition,gender,actor_number,emotion
0,02,02,02,02,1,16,03
1,02,01,01,02,1,16,03
2,02,02,01,01,1,16,02
3,02,01,02,01,1,16,02
4,02,01,02,02,1,16,01
5,02,01,02,02,1,16,06
6,02,01,02,01,1,16,05
7,02,02,01,01,1,16,05
8,02,02,01,02,1,16,06
9,02,01,01,02,1,16,04
10,02,02,02,02,1,16,04
11,02,01,01,02,1,16,05
12,02,01,01,01,1,16,06
13,02,02,02,01,1,16,06
14,02,02,02,02,1,16,05
15,02,01,02,01,1,16,04
16,02,02,01,01,1,16,04
17,02,02,01,01,1,16,03
18,02,01,02,01,1,16,03
19,02,02,02,02,1,16,02
20,02,01,01,01,1,16,01
21,02,01,01,02,1,16,02
22,02,02,02,01,1,16,04
23,02,01,01,01,1,16,04
24,02,02,01,01,1,16,06
25,02,02,01,02,1,16,05
26,02,01,02,02,1,16,05
27,02,01,02,01,1,16,06
28,02,01,02,01,1,16,01
29,02,01,02,02,1,16,02
30,02,02,01,02,1,16,02
31,02,01,01,01,1,16,03
32,02,02,02,01,1,16,03
33,02,01,01,01,1,16,02
34,02,01,01,02,1,16,01
35,02,02,02,01,1,16,02
36,02,01,02,02,1,16,03
37,02,02,01,02,1,16,03
38,02,02,01,02,1,16,04
39,02,01,02,02,1,16,04
40,02,02,02,01,1,16,05
41,02,02,02,02,1,16,06
42,02,01,01,02,1,16,06
43,02,01,01,01,1,16,05
44,02,02,02,02,0,11,04
45,02,01,01,02,0,11,04
46,02,02,01,01,0,11,05
47,02,02,01,02,0,11,06
48,02,01,02,02,0,11,06
49,02,01,02,01,0,11,05
50,02,01,02,01,0,11,02
51,02,01,02,02,0,11,01
52,02,02,01,01,0,11,02
53,02,01,01,02,0,11,03
54,02,02,02,02,0,11,03
55,02,01,01,01,0,11,01
56,02,01,01,02,0,11,02
57,02,02,02,02,0,11,02
58,02,01,02,01,0,11,03
59,02,02,01,01,0,11,03
60,02,02,01,01,0,11,04
61,02,01,02,01,0,11,04
62,02,02,02,01,0,11,06
63,02,02,02,02,0,11,05
64,02,01,01,02,0,11,05
65,02,01,01,01,0,11,06
66,02,02,02,01,0,11,03
67,02,01,01,01,0,11,03
68,02,02,01,02,0,11,02
69,02,01,02,01,0,11,01
70,02,01,02,02,0,11,02
71,02,01,02,02,0,11,05
72,02,01,02,01,0,11,06
73,02,02,01,01,0,11,06
74,02,02,01,02,0,11,05
75,02,01,01,01,0,11,04
76,02,02,02,01,0,11,04
77,02,01,01,02,0,11,06
78,02,01,01,01,0,11,05
79,02,02,02,01,0,11,05
80,02,02,02,02,0,11,06
81,02,01,02,02,0,11,04
82,02,02,01,02,0,11,04
83,02,02,01,02,0,11,03
84,02,01,02,02,0,11,03
85,02,02,02,01,0,11,02
86,02,01,01,01,0,11,02
87,02,01,01,02,0,11,01
88,02,01,01,01,1,20,02
89,02,01,01,02,1,20,01
90,02,02,02,01,1,20,02
91,02,01,02,02,1,20,03
92,02,02,01,02,1,20,03
93,02,02,01,02,1,20,04
94,02,01,02,02,1,20,04
95,02,02,02,01,1,20,05
96,02,02,02,02,1,20,06
97,02,01,01,02,1,20,06
98,02,01,01,01,1,20,05
99,02,02,02,01,1,20,04
100,02,01,01,01,1,20,04
101,02,02,01,01,1,20,06
102,02,02,01,02,1,20,05
103,02,01,02,02,1,20,05
104,02,01,02,01,1,20,06
105,02,01,02,01,1,20,01
106,02,01,02,02,1,20,02
107,02,02,01,02,1,20,02
108,02,01,01,01,1,20,03
109,02,02,02,01,1,20,03
110,02,01,01,02,1,20,05
111,02,01,01,01,1,20,06
112,02,02,02,01,1,20,06
113,02,02,02,02,1,20,05
114,02,01,02,01,1,20,04
115,02,02,01,01,1,20,04
116,02,02,01,01,1,20,03
117,02,01,02,01,1,20,03
118,02,02,02,02,1,20,02
119,02,01,01,01,1,20,01
120,02,01,01,02,1,20,02
121,02,02,02,02,1,20,03
122,02,01,01,02,1,20,03
123,02,02,01,01,1,20,02
124,02,01,02,01,1,20,02
125,02,01,02,02,1,20,01
126,02,01,02,02,1,20,06
127,02,01,02,01,1,20,05
128,02,02,01,01,1,20,05
129,02,02,01,02,1,20,06
130,02,01,01,02,1,20,04
131,02,02,02,02,1,20,04
132,02,02,01,02,0,21,03
133,02,01,02,02,0,21,03
134,02,02,02,01,0,21,02
135,02,01,01,02,0,21,01
136,02,01,01,01,0,21,02
137,02,01,01,01,0,21,05
138,02,01,01,02,0,21,06
139,02,02,02,02,0,21,06
140,02,02,02,01,0,21,05
141,02,01,02,02,0,21,04
142,02,02,01,02,0,21,04
143,02,01,02,01,0,21,06
144,02,01,02,02,0,21,05
145,02,02,01,02,0,21,05
146,02,02,01,01,0,21,06
147,02,01,01,01,0,21,04
148,02,02,02,01,0,21,04
149,02,02,02,01,0,21,03
150,02,01,01,01,0,21,03
151,02,02,01,02,0,21,02
152,02,01,02,02,0,21,02
153,02,01,02,01,0,21,01
154,02,02,01,01,0,21,04
155,02,01,02,01,0,21,04
156,02,02,02,02,0,21,05
157,02,02,02,01,0,21,06
158,02,01,01,01,0,21,06
159,02,01,01,02,0,21,05
160,02,01,01,02,0,21,02
161,02,01,01,01,0,21,01
162,02,02,02,02,0,21,02
163,02,01,02,01,0,21,03
164,02,02,01,01,0,21,03
165,02,01,02,02,0,21,01
166,02,01,02,01,0,21,02
167,02,02,01,01,0,21,02
168,02,01,01,02,0,21,03
169,02,02,02,02,0,21,03
170,02,02,02,02,0,21,04
171,02,01,01,02,0,21,04
172,02,02,01,02,0,21,06
173,02,02,01,01,0,21,05
174,02,01,02,01,0,21,05
175,02,01,02,02,0,21,06
176,02,02,01,02,0,19,04
177,02,01,02,02,0,19,04
178,02,02,02,01,0,19,05
179,02,02,02,02,0,19,06
180,02,01,01,02,0,19,06
181,02,01,01,01,0,19,05
182,02,01,01,01,0,19,02
183,02,01,01,02,0,19,01
184,02,02,02,01,0,19,02
185,02,01,02,02,0,19,03
186,02,02,01,02,0,19,03
187,02,01,02,01,0,19,01
188,02,01,02,02,0,19,02
189,02,02,01,02,0,19,02
190,02,01,01,01,0,19,03
191,02,02,02,01,0,19,03
192,02,02,02,01,0,19,04
193,02,01,01,01,0,19,04
194,02,02,01,01,0,19,06
195,02,02,01,02,0,19,05
196,02,01,02,02,0,19,05
197,02,01,02,01,0,19,06
198,02,02,01,01,0,19,03
199,02,01,02,01,0,19,03
200,02,02,02,02,0,19,02
201,02,01,01,01,0,19,01
202,02,01,01,02,0,19,02
203,02,01,01,02,0,19,05
204,02,01,01,01,0,19,06
205,02,02,02,01,0,19,06
206,02,02,02,02,0,19,05
207,02,01,02,01,0,19,04
208,02,02,01,01,0,19,04
209,02,01,02,02,0,19,06
210,02,01,02,01,0,19,05
211,02,02,01,01,0,19,05
212,02,02,01,02,0,19,06
213,02,01,01,02,0,19,04
214,02,02,02,02,0,19,04
215,02,02,02,02,0,19,03
216,02,01,01,02,0,19,03
217,02,02,01,01,0,19,02
218,02,01,02,01,0,19,02
219,02,01,02,02,0,19,01
220,02,01,02,01,1,10,05
221,02,01,02,02,1,10,06
222,02,02,01,02,1,10,06
223,02,02,01,01,1,10,05
224,02,01,01,02,1,10,04
225,02,02,02,02,1,10,04
226,02,02,02,02,1,10,03
227,02,01,01,02,1,10,03
228,02,02,01,01,1,10,02
229,02,01,02,02,1,10,01
230,02,01,02,01,1,10,02
231,02,02,01,01,1,10,03
232,02,01,02,01,1,10,03
233,02,02,02,02,1,10,02
234,02,01,01,02,1,10,02
235,02,01,01,01,1,10,01
236,02,01,01,01,1,10,06
237,02,01,01,02,1,10,05
238,02,02,02,02,1,10,05
239,02,02,02,01,1,10,06
240,02,01,02,01,1,10,04
241,02,02,01,01,1,10,04
242,02,01,02,02,1,10,02
243,02,01,02,01,1,10,01
244,02,02,01,02,1,10,02
245,02,01,01,01,1,10,03
246,02,02,02,01,1,10,03
247,02,02,02,01,1,10,04
248,02,01,01,01,1,10,04
249,02,02,01,02,1,10,05
250,02,02,01,01,1,10,06
251,02,01,02,01,1,10,06
252,02,01,02,02,1,10,05
253,02,02,01,02,1,10,04
254,02,01,02,02,1,10,04
255,02,02,02,02,1,10,06
256,02,02,02,01,1,10,05
257,02,01,01,01,1,10,05
258,02,01,01,02,1,10,06
259,02,01,01,02,1,10,01
260,02,01,01,01,1,10,02
261,02,02,02,01,1,10,02
262,02,01,02,02,1,10,03
263,02,02,01,02,1,10,03
264,02,01,02,02,0,17,01
265,02,01,02,01,0,17,02
266,02,02,01,01,0,17,02
267,02,01,01,02,0,17,03
268,02,02,02,02,0,17,03
269,02,02,02,02,0,17,04
270,02,01,01,02,0,17,04
271,02,02,01,02,0,17,06
272,02,02,01,01,0,17,05
273,02,01,02,01,0,17,05
274,02,01,02,02,0,17,06
275,02,02,01,01,0,17,04
276,02,01,02,01,0,17,04
277,02,02,02,02,0,17,05
278,02,02,02,01,0,17,06
279,02,01,01,01,0,17,06
280,02,01,01,02,0,17,05
281,02,01,01,02,0,17,02
282,02,01,01,01,0,17,01
283,02,02,02,02,0,17,02
284,02,01,02,01,0,17,03
285,02,02,01,01,0,17,03
286,02,01,02,01,0,17,06
287,02,01,02,02,0,17,05
288,02,02,01,02,0,17,05
289,02,02,01,01,0,17,06
290,02,01,01,01,0,17,04
291,02,02,02,01,0,17,04
292,02,02,02,01,0,17,03
293,02,01,01,01,0,17,03
294,02,02,01,02,0,17,02
295,02,01,02,02,0,17,02
296,02,01,02,01,0,17,01
297,02,02,01,02,0,17,03
298,02,01,02,02,0,17,03
299,02,02,02,01,0,17,02
300,02,01,01,02,0,17,01
301,02,01,01,01,0,17,02
302,02,01,01,01,0,17,05
303,02,01,01,02,0,17,06
304,02,02,02,02,0,17,06
305,02,02,02,01,0,17,05
306,02,01,02,02,0,17,04
307,02,02,01,02,0,17,04
308,02,01,02,02,1,04,06
309,02,01,02,01,1,04,05
310,02,02,01,01,1,04,05
311,02,02,01,02,1,04,06
312,02,01,01,02,1,04,04
313,02,02,02,02,1,04,04
314,02,02,02,02,1,04,03
315,02,01,01,02,1,04,03
316,02,02,01,01,1,04,02
317,02,01,02,01,1,04,02
318,02,01,02,02,1,04,01
319,02,02,01,01,1,04,03
320,02,01,02,01,1,04,03
321,02,02,02,02,1,04,02
322,02,01,01,01,1,04,01
323,02,01,01,02,1,04,02
324,02,01,01,02,1,04,05
325,02,01,01,01,1,04,06
326,02,02,02,01,1,04,06
327,02,02,02,02,1,04,05
328,02,01,02,01,1,04,04
329,02,02,01,01,1,04,04
330,02,01,02,01,1,04,01
331,02,01,02,02,1,04,02
332,02,02,01,02,1,04,02
333,02,01,01,01,1,04,03
334,02,02,02,01,1,04,03
335,02,02,02,01,1,04,04
336,02,01,01,01,1,04,04
337,02,02,01,01,1,04,06
338,02,02,01,02,1,04,05
339,02,01,02,02,1,04,05
340,02,01,02,01,1,04,06
341,02,02,01,02,1,04,04
342,02,01,02,02,1,04,04
343,02,02,02,01,1,04,05
344,02,02,02,02,1,04,06
345,02,01,01,02,1,04,06
346,02,01,01,01,1,04,05
347,02,01,01,01,1,04,02
348,02,01,01,02,1,04,01
349,02,02,02,01,1,04,02
350,02,01,02,02,1,04,03
351,02,02,01,02,1,04,03
352,02,01,02,01,0,03,02
353,02,01,02,02,0,03,01
354,02,02,01,01,0,03,02
355,02,01,01,02,0,03,03
356,02,02,02,02,0,03,03
357,02,02,02,02,0,03,04
358,02,01,01,02,0,03,04
359,02,02,01,01,0,03,05
360,02,02,01,02,0,03,06
361,02,01,02,02,0,03,06
362,02,01,02,01,0,03,05
363,02,02,01,01,0,03,04
364,02,01,02,01,0,03,04
365,02,02,02,01,0,03,06
366,02,02,02,02,0,03,05
367,02,01,01,02,0,03,05
368,02,01,01,01,0,03,06
369,02,01,01,01,0,03,01
370,02,01,01,02,0,03,02
371,02,02,02,02,0,03,02
372,02,01,02,01,0,03,03
373,02,02,01,01,0,03,03
374,02,01,02,02,0,03,05
375,02,01,02,01,0,03,06
376,02,02,01,01,0,03,06
377,02,02,01,02,0,03,05
378,02,01,01,01,0,03,04
379,02,02,02,01,0,03,04
380,02,02,02,01,0,03,03
381,02,01,01,01,0,03,03
382,02,02,01,02,0,03,02
383,02,01,02,01,0,03,01
384,02,01,02,02,0,03,02
385,02,02,01,02,0,03,03
386,02,01,02,02,0,03,03
387,02,02,02,01,0,03,02
388,02,01,01,01,0,03,02
389,02,01,01,02,0,03,01
390,02,01,01,02,0,03,06
391,02,01,01,01,0,03,05
392,02,02,02,01,0,03,05
393,02,02,02,02,0,03,06
394,02,01,02,02,0,03,04
395,02,02,01,02,0,03,04
396,02,02,02,02,1,02,03
397,02,01,01,02,1,02,03
398,02,02,01,01,1,02,02
399,02,01,02,02,1,02,01
400,02,01,02,01,1,02,02
401,02,01,02,01,1,02,05
402,02,01,02,02,1,02,06
403,02,02,01,02,1,02,06
404,02,02,01,01,1,02,05
405,02,01,01,02,1,02,04
406,02,02,02,02,1,02,04
407,02,01,01,01,1,02,06
408,02,01,01,02,1,02,05
409,02,02,02,02,1,02,05
410,02,02,02,01,1,02,06
411,02,01,02,01,1,02,04
412,02,02,01,01,1,02,04
413,02,02,01,01,1,02,03
414,02,01,02,01,1,02,03
415,02,02,02,02,1,02,02
416,02,01,01,02,1,02,02
417,02,01,01,01,1,02,01
418,02,02,02,01,1,02,04
419,02,01,01,01,1,02,04
420,02,02,01,02,1,02,05
421,02,02,01,01,1,02,06
422,02,01,02,01,1,02,06
423,02,01,02,02,1,02,05
424,02,01,02,02,1,02,02
425,02,01,02,01,1,02,01
426,02,02,01,02,1,02,02
427,02,01,01,01,1,02,03
428,02,02,02,01,1,02,03
429,02,01,01,02,1,02,01
430,02,01,01,01,1,02,02
431,02,02,02,01,1,02,02
432,02,01,02,02,1,02,03
433,02,02,01,02,1,02,03
434,02,02,01,02,1,02,04
435,02,01,02,02,1,02,04
436,02,02,02,02,1,02,06
437,02,02,02,01,1,02,05
438,02,01,01,01,1,02,05
439,02,01,01,02,1,02,06
440,02,02,02,02,0,05,04
441,02,01,01,02,0,05,04
442,02,02,01,02,0,05,06
443,02,02,01,01,0,05,05
444,02,01,02,01,0,05,05
445,02,01,02,02,0,05,06
446,02,01,02,02,0,05,01
447,02,01,02,01,0,05,02
448,02,02,01,01,0,05,02
449,02,01,01,02,0,05,03
450,02,02,02,02,0,05,03
451,02,01,01,02,0,05,02
452,02,01,01,01,0,05,01
453,02,02,02,02,0,05,02
454,02,01,02,01,0,05,03
455,02,02,01,01,0,05,03
456,02,02,01,01,0,05,04
457,02,01,02,01,0,05,04
458,02,02,02,02,0,05,05
459,02,02,02,01,0,05,06
460,02,01,01,01,0,05,06
461,02,01,01,02,0,05,05
462,02,02,02,01,0,05,03
463,02,01,01,01,0,05,03
464,02,02,01,02,0,05,02
465,02,01,02,02,0,05,02
466,02,01,02,01,0,05,01
467,02,01,02,01,0,05,06
468,02,01,02,02,0,05,05
469,02,02,01,02,0,05,05
470,02,02,01,01,0,05,06
471,02,01,01,01,0,05,04
472,02,02,02,01,0,05,04
473,02,01,01,01,0,05,05
474,02,01,01,02,0,05,06
475,02,02,02,02,0,05,06
476,02,02,02,01,0,05,05
477,02,01,02,02,0,05,04
478,02,02,01,02,0,05,04
479,02,02,01,02,0,05,03
480,02,01,02,02,0,05,03
481,02,02,02,01,0,05,02
482,02,01,01,02,0,05,01
483,02,01,01,01,0,05,02
484,02,02,02,02,1,12,04
485,02,01,01,02,1,12,04
486,02,02,01,02,1,12,06
487,02,02,01,01,1,12,05
488,02,01,02,01,1,12,05
489,02,01,02,02,1,12,06
490,02,01,02,02,1,12,01
491,02,01,02,01,1,12,02
492,02,02,01,01,1,12,02
493,02,01,01,02,1,12,03
494,02,02,02,02,1,12,03
495,02,01,01,02,1,12,02
496,02,01,01,01,1,12,01
497,02,02,02,02,1,12,02
498,02,01,02,01,1,12,03
499,02,02,01,01,1,12,03
500,02,02,01,01,1,12,04
501,02,01,02,01,1,12,04
502,02,02,02,02,1,12,05
503,02,02,02,01,1,12,06
504,02,01,01,01,1,12,06
505,02,01,01,02,1,12,05
506,02,02,02,01,1,12,03
507,02,01,01,01,1,12,03
508,02,02,01,02,1,12,02
509,02,01,02,02,1,12,02
510,02,01,02,01,1,12,01
511,02,01,02,01,1,12,06
512,02,01,02,02,1,12,05
513,02,02,01,02,1,12,05
514,02,02,01,01,1,12,06
515,02,01,01,01,1,12,04
516,02,02,02,01,1,12,04
517,02,01,01,01,1,12,05
518,02,01,01,02,1,12,06
519,02,02,02,02,1,12,06
520,02,02,02,01,1,12,05
521,02,01,02,02,1,12,04
522,02,02,01,02,1,12,04
523,02,02,01,02,1,12,03
524,02,01,02,02,1,12,03
525,02,02,02,01,1,12,02
526,02,01,01,02,1,12,01
527,02,01,01,01,1,12,02
528,02,02,02,02,0,15,03
529,02,01,01,02,0,15,03
530,02,02,01,01,0,15,02
531,02,01,02,02,0,15,01
532,02,01,02,01,0,15,02
533,02,01,02,01,0,15,05
534,02,01,02,02,0,15,06
535,02,02,01,02,0,15,06
536,02,02,01,01,0,15,05
537,02,01,01,02,0,15,04
538,02,02,02,02,0,15,04
539,02,01,01,01,0,15,06
540,02,01,01,02,0,15,05
541,02,02,02,02,0,15,05
542,02,02,02,01,0,15,06
543,02,01,02,01,0,15,04
544,02,02,01,01,0,15,04
545,02,02,01,01,0,15,03
546,02,01,02,01,0,15,03
547,02,02,02,02,0,15,02
548,02,01,01,02,0,15,02
549,02,01,01,01,0,15,01
550,02,02,02,01,0,15,04
551,02,01,01,01,0,15,04
552,02,02,01,02,0,15,05
553,02,02,01,01,0,15,06
554,02,01,02,01,0,15,06
555,02,01,02,02,0,15,05
556,02,01,02,02,0,15,02
557,02,01,02,01,0,15,01
558,02,02,01,02,0,15,02
559,02,01,01,01,0,15,03
560,02,02,02,01,0,15,03
561,02,01,01,02,0,15,01
562,02,01,01,01,0,15,02
563,02,02,02,01,0,15,02
564,02,01,02,02,0,15,03
565,02,02,01,02,0,15,03
566,02,02,01,02,0,15,04
567,02,01,02,02,0,15,04
568,02,02,02,02,0,15,06
569,02,02,02,01,0,15,05
570,02,01,01,01,0,15,05
571,02,01,01,02,0,15,06
572,02,01,01,02,0,23,01
573,02,01,01,01,0,23,02
574,02,02,02,01,0,23,02
575,02,01,02,02,0,23,03
576,02,02,01,02,0,23,03
577,02,02,01,02,0,23,04
578,02,01,02,02,0,23,04
579,02,02,02,02,0,23,06
580,02,02,02,01,0,23,05
581,02,01,01,01,0,23,05
582,02,01,01,02,0,23,06
583,02,02,02,01,0,23,04
584,02,01,01,01,0,23,04
585,02,02,01,02,0,23,05
586,02,02,01,01,0,23,06
587,02,01,02,01,0,23,06
588,02,01,02,02,0,23,05
589,02,01,02,02,0,23,02
590,02,01,02,01,0,23,01
591,02,02,01,02,0,23,02
592,02,01,01,01,0,23,03
593,02,02,02,01,0,23,03
594,02,01,01,01,0,23,06
595,02,01,01,02,0,23,05
596,02,02,02,02,0,23,05
597,02,02,02,01,0,23,06
598,02,01,02,01,0,23,04
599,02,02,01,01,0,23,04
600,02,02,01,01,0,23,03
601,02,01,02,01,0,23,03
602,02,02,02,02,0,23,02
603,02,01,01,02,0,23,02
604,02,01,01,01,0,23,01
605,02,02,02,02,0,23,03
606,02,01,01,02,0,23,03
607,02,02,01,01,0,23,02
608,02,01,02,02,0,23,01
609,02,01,02,01,0,23,02
610,02,01,02,01,0,23,05
611,02,01,02,02,0,23,06
612,02,02,01,02,0,23,06
613,02,02,01,01,0,23,05
614,02,01,01,02,0,23,04
615,02,02,02,02,0,23,04
616,02,01,01,01,1,24,05
617,02,01,01,02,1,24,06
618,02,02,02,02,1,24,06
619,02,02,02,01,1,24,05
620,02,01,02,02,1,24,04
621,02,02,01,02,1,24,04
622,02,02,01,02,1,24,03
623,02,01,02,02,1,24,03
624,02,02,02,01,1,24,02
625,02,01,01,02,1,24,01
626,02,01,01,01,1,24,02
627,02,02,02,01,1,24,03
628,02,01,01,01,1,24,03
629,02,02,01,02,1,24,02
630,02,01,02,02,1,24,02
631,02,01,02,01,1,24,01
632,02,01,02,01,1,24,06
633,02,01,02,02,1,24,05
634,02,02,01,02,1,24,05
635,02,02,01,01,1,24,06
636,02,01,01,01,1,24,04
637,02,02,02,01,1,24,04
638,02,01,01,02,1,24,02
639,02,01,01,01,1,24,01
640,02,02,02,02,1,24,02
641,02,01,02,01,1,24,03
642,02,02,01,01,1,24,03
643,02,02,01,01,1,24,04
644,02,01,02,01,1,24,04
645,02,02,02,02,1,24,05
646,02,02,02,01,1,24,06
647,02,01,01,01,1,24,06
648,02,01,01,02,1,24,05
649,02,02,02,02,1,24,04
650,02,01,01,02,1,24,04
651,02,02,01,02,1,24,06
652,02,02,01,01,1,24,05
653,02,01,02,01,1,24,05
654,02,01,02,02,1,24,06
655,02,01,02,02,1,24,01
656,02,01,02,01,1,24,02
657,02,02,01,01,1,24,02
658,02,01,01,02,1,24,03
659,02,02,02,02,1,24,03
660,02,02,01,02,1,22,03
661,02,01,02,02,1,22,03
662,02,02,02,01,1,22,02
663,02,01,01,01,1,22,02
664,02,01,01,02,1,22,01
665,02,01,01,02,1,22,06
666,02,01,01,01,1,22,05
667,02,02,02,01,1,22,05
668,02,02,02,02,1,22,06
669,02,01,02,02,1,22,04
670,02,02,01,02,1,22,04
671,02,01,02,02,1,22,05
672,02,01,02,01,1,22,06
673,02,02,01,01,1,22,06
674,02,02,01,02,1,22,05
675,02,01,01,01,1,22,04
676,02,02,02,01,1,22,04
677,02,02,02,01,1,22,03
678,02,01,01,01,1,22,03
679,02,02,01,02,1,22,02
680,02,01,02,01,1,22,01
681,02,01,02,02,1,22,02
682,02,02,01,01,1,22,04
683,02,01,02,01,1,22,04
684,02,02,02,01,1,22,06
685,02,02,02,02,1,22,05
686,02,01,01,02,1,22,05
687,02,01,01,01,1,22,06
688,02,01,01,01,1,22,01
689,02,01,01,02,1,22,02
690,02,02,02,02,1,22,02
691,02,01,02,01,1,22,03
692,02,02,01,01,1,22,03
693,02,01,02,01,1,22,02
694,02,01,02,02,1,22,01
695,02,02,01,01,1,22,02
696,02,01,01,02,1,22,03
697,02,02,02,02,1,22,03
698,02,02,02,02,1,22,04
699,02,01,01,02,1,22,04
700,02,02,01,01,1,22,05
701,02,02,01,02,1,22,06
702,02,01,02,02,1,22,06
703,02,01,02,01,1,22,05
704,02,01,02,01,1,14,02
705,02,01,02,02,1,14,01
706,02,02,01,01,1,14,02
707,02,01,01,02,1,14,03
708,02,02,02,02,1,14,03
709,02,02,02,02,1,14,04
710,02,01,01,02,1,14,04
711,02,02,01,01,1,14,05
712,02,02,01,02,1,14,06
713,02,01,02,02,1,14,06
714,02,01,02,01,1,14,05
715,02,02,01,01,1,14,04
716,02,01,02,01,1,14,04
717,02,02,02,01,1,14,06
718,02,02,02,02,1,14,05
719,02,01,01,02,1,14,05
720,02,01,01,01,1,14,06
721,02,01,01,01,1,14,01
722,02,01,01,02,1,14,02
723,02,02,02,02,1,14,02
724,02,01,02,01,1,14,03
725,02,02,01,01,1,14,03
726,02,01,02,02,1,14,05
727,02,01,02,01,1,14,06
728,02,02,01,01,1,14,06
729,02,02,01,02,1,14,05
730,02,01,01,01,1,14,04
731,02,02,02,01,1,14,04
732,02,02,02,01,1,14,03
733,02,01,01,01,1,14,03
734,02,02,01,02,1,14,02
735,02,01,02,01,1,14,01
736,02,01,02,02,1,14,02
737,02,02,01,02,1,14,03
738,02,01,02,02,1,14,03
739,02,02,02,01,1,14,02
740,02,01,01,01,1,14,02
741,02,01,01,02,1,14,01
742,02,01,01,02,1,14,06
743,02,01,01,01,1,14,05
744,02,02,02,01,1,14,05
745,02,02,02,02,1,14,06
746,02,01,02,02,1,14,04
747,02,02,01,02,1,14,04
748,02,01,02,02,0,13,06
749,02,01,02,01,0,13,05
750,02,02,01,01,0,13,05
751,02,02,01,02,0,13,06
752,02,01,01,02,0,13,04
753,02,02,02,02,0,13,04
754,02,02,02,02,0,13,03
755,02,01,01,02,0,13,03
756,02,02,01,01,0,13,02
757,02,01,02,01,0,13,02
758,02,01,02,02,0,13,01
759,02,02,01,01,0,13,03
760,02,01,02,01,0,13,03
761,02,02,02,02,0,13,02
762,02,01,01,01,0,13,01
763,02,01,01,02,0,13,02
764,02,01,01,02,0,13,05
765,02,01,01,01,0,13,06
766,02,02,02,01,0,13,06
767,02,02,02,02,0,13,05
768,02,01,02,01,0,13,04
769,02,02,01,01,0,13,04
770,02,01,02,01,0,13,01
771,02,01,02,02,0,13,02
772,02,02,01,02,0,13,02
773,02,01,01,01,0,13,03
774,02,02,02,01,0,13,03
775,02,02,02,01,0,13,04
776,02,01,01,01,0,13,04
777,02,02,01,01,0,13,06
778,02,02,01,02,0,13,05
779,02,01,02,02,0,13,05
780,02,01,02,01,0,13,06
781,02,02,01,02,0,13,04
782,02,01,02,02,0,13,04
783,02,02,02,01,0,13,05
784,02,02,02,02,0,13,06
785,02,01,01,02,0,13,06
786,02,01,01,01,0,13,05
787,02,01,01,01,0,13,02
788,02,01,01,02,0,13,01
789,02,02,02,01,0,13,02
790,02,01,02,02,0,13,03
791,02,02,01,02,0,13,03
792,02,02,01,02,0,09,03
793,02,01,02,02,0,09,03
794,02,02,02,01,0,09,02
795,02,01,01,01,0,09,02
796,02,01,01,02,0,09,01
797,02,01,01,02,0,09,06
798,02,01,01,01,0,09,05
799,02,02,02,01,0,09,05
800,02,02,02,02,0,09,06
801,02,01,02,02,0,09,04
802,02,02,01,02,0,09,04
803,02,01,02,02,0,09,05
804,02,01,02,01,0,09,06
805,02,02,01,01,0,09,06
806,02,02,01,02,0,09,05
807,02,01,01,01,0,09,04
808,02,02,02,01,0,09,04
809,02,02,02,01,0,09,03
810,02,01,01,01,0,09,03
811,02,02,01,02,0,09,02
812,02,01,02,01,0,09,01
813,02,01,02,02,0,09,02
814,02,02,01,01,0,09,04
815,02,01,02,01,0,09,04
816,02,02,02,01,0,09,06
817,02,02,02,02,0,09,05
818,02,01,01,02,0,09,05
819,02,01,01,01,0,09,06
820,02,01,01,01,0,09,01
821,02,01,01,02,0,09,02
822,02,02,02,02,0,09,02
823,02,01,02,01,0,09,03
824,02,02,01,01,0,09,03
825,02,01,02,01,0,09,02
826,02,01,02,02,0,09,01
827,02,02,01,01,0,09,02
828,02,01,01,02,0,09,03
829,02,02,02,02,0,09,03
830,02,02,02,02,0,09,04
831,02,01,01,02,0,09,04
832,02,02,01,01,0,09,05
833,02,02,01,02,0,09,06
834,02,01,02,02,0,09,06
835,02,01,02,01,0,09,05
836,02,01,02,01,0,07,05
837,02,01,02,02,0,07,06
838,02,02,01,02,0,07,06
839,02,02,01,01,0,07,05
840,02,01,01,02,0,07,04
841,02,02,02,02,0,07,04
842,02,02,02,02,0,07,03
843,02,01,01,02,0,07,03
844,02,02,01,01,0,07,02
845,02,01,02,02,0,07,01
846,02,01,02,01,0,07,02
847,02,02,01,01,0,07,03
848,02,01,02,01,0,07,03
849,02,02,02,02,0,07,02
850,02,01,01,02,0,07,02
851,02,01,01,01,0,07,01
852,02,01,01,01,0,07,06
853,02,01,01,02,0,07,05
854,02,02,02,02,0,07,05
855,02,02,02,01,0,07,06
856,02,01,02,01,0,07,04
857,02,02,01,01,0,07,04
858,02,01,02,02,0,07,02
859,02,01,02,01,0,07,01
860,02,02,01,02,0,07,02
861,02,01,01,01,0,07,03
862,02,02,02,01,0,07,03
863,02,02,02,01,0,07,04
864,02,01,01,01,0,07,04
865,02,02,01,02,0,07,05
866,02,02,01,01,0,07,06
867,02,01,02,01,0,07,06
868,02,01,02,02,0,07,05
869,02,02,01,02,0,07,04
870,02,01,02,02,0,07,04
871,02,02,02,02,0,07,06
872,02,02,02,01,0,07,05
873,02,01,01,01,0,07,05
874,02,01,01,02,0,07,06
875,02,01,01,02,0,07,01
876,02,01,01,01,0,07,02
877,02,02,02,01,0,07,02
878,02,01,02,02,0,07,03
879,02,02,01,02,0,07,03
880,02,02,02,02,1,06,04
881,02,01,01,02,1,06,04
882,02,02,01,01,1,06,05
883,02,02,01,02,1,06,06
884,02,01,02,02,1,06,06
885,02,01,02,01,1,06,05
886,02,01,02,01,1,06,02
887,02,01,02,02,1,06,01
888,02,02,01,01,1,06,02
889,02,01,01,02,1,06,03
890,02,02,02,02,1,06,03
891,02,01,01,01,1,06,01
892,02,01,01,02,1,06,02
893,02,02,02,02,1,06,02
894,02,01,02,01,1,06,03
895,02,02,01,01,1,06,03
896,02,02,01,01,1,06,04
897,02,01,02,01,1,06,04
898,02,02,02,01,1,06,06
899,02,02,02,02,1,06,05
900,02,01,01,02,1,06,05
901,02,01,01,01,1,06,06
902,02,02,02,01,1,06,03
903,02,01,01,01,1,06,03
904,02,02,01,02,1,06,02
905,02,01,02,01,1,06,01
906,02,01,02,02,1,06,02
907,02,01,02,02,1,06,05
908,02,01,02,01,1,06,06
909,02,02,01,01,1,06,06
910,02,02,01,02,1,06,05
911,02,01,01,01,1,06,04
912,02,02,02,01,1,06,04
913,02,01,01,02,1,06,06
914,02,01,01,01,1,06,05
915,02,02,02,01,1,06,05
916,02,02,02,02,1,06,06
917,02,01,02,02,1,06,04
918,02,02,01,02,1,06,04
919,02,02,01,02,1,06,03
920,02,01,02,02,1,06,03
921,02,02,02,01,1,06,02
922,02,01,01,01,1,06,02
923,02,01,01,02,1,06,01
924,02,02,02,02,0,01,03
925,02,01,01,02,0,01,03
926,02,02,01,01,0,01,02
927,02,01,02,01,0,01,02
928,02,01,02,02,0,01,01
929,02,01,02,02,0,01,06
930,02,01,02,01,0,01,05
931,02,02,01,01,0,01,05
932,02,02,01,02,0,01,06
933,02,01,01,02,0,01,04
934,02,02,02,02,0,01,04
935,02,01,01,02,0,01,05
936,02,01,01,01,0,01,06
937,02,02,02,01,0,01,06
938,02,02,02,02,0,01,05
939,02,01,02,01,0,01,04
940,02,02,01,01,0,01,04
941,02,02,01,01,0,01,03
942,02,01,02,01,0,01,03
943,02,02,02,02,0,01,02
944,02,01,01,01,0,01,01
945,02,01,01,02,0,01,02
946,02,02,02,01,0,01,04
947,02,01,01,01,0,01,04
948,02,02,01,01,0,01,06
949,02,02,01,02,0,01,05
950,02,01,02,02,0,01,05
951,02,01,02,01,0,01,06
952,02,01,02,01,0,01,01
953,02,01,02,02,0,01,02
954,02,02,01,02,0,01,02
955,02,01,01,01,0,01,03
956,02,02,02,01,0,01,03
957,02,01,01,01,0,01,02
958,02,01,01,02,0,01,01
959,02,02,02,01,0,01,02
960,02,01,02,02,0,01,03
961,02,02,01,02,0,01,03
962,02,02,01,02,0,01,04
963,02,01,02,02,0,01,04
964,02,02,02,01,0,01,05
965,02,02,02,02,0,01,06
966,02,01,01,02,0,01,06
967,02,01,01,01,0,01,05
968,02,01,01,02,1,08,01
969,02,01,01,01,1,08,02
970,02,02,02,01,1,08,02
971,02,01,02,02,1,08,03
972,02,02,01,02,1,08,03
973,02,02,01,02,1,08,04
974,02,01,02,02,1,08,04
975,02,02,02,02,1,08,06
976,02,02,02,01,1,08,05
977,02,01,01,01,1,08,05
978,02,01,01,02,1,08,06
979,02,02,02,01,1,08,04
980,02,01,01,01,1,08,04
981,02,02,01,02,1,08,05
982,02,02,01,01,1,08,06
983,02,01,02,01,1,08,06
984,02,01,02,02,1,08,05
985,02,01,02,02,1,08,02
986,02,01,02,01,1,08,01
987,02,02,01,02,1,08,02
988,02,01,01,01,1,08,03
989,02,02,02,01,1,08,03
990,02,01,01,01,1,08,06
991,02,01,01,02,1,08,05
992,02,02,02,02,1,08,05
993,02,02,02,01,1,08,06
994,02,01,02,01,1,08,04
995,02,02,01,01,1,08,04
996,02,02,01,01,1,08,03
997,02,01,02,01,1,08,03
998,02,02,02,02,1,08,02
999,02,01,01,02,1,08,02
1000,02,01,01,01,1,08,01
1001,02,02,02,02,1,08,03
1002,02,01,01,02,1,08,03
1003,02,02,01,01,1,08,02
1004,02,01,02,02,1,08,01
1005,02,01,02,01,1,08,02
1006,02,01,02,01,1,08,05
1007,02,01,02,02,1,08,06
1008,02,02,01,02,1,08,06
1009,02,02,01,01,1,08,05
1010,02,01,01,02,1,08,04
1011,02,02,02,02,1,08,04
1012,01,01,02,01,1,16,05
1013,01,01,02,02,1,16,06
1014,01,02,01,02,1,16,06
1015,01,02,01,01,1,16,05
1016,01,01,01,01,1,16,07
1017,01,01,01,02,1,16,04
1018,01,02,02,02,1,16,04
1019,01,02,02,01,1,16,07
1020,01,02,02,01,1,16,08
1021,01,01,01,01,1,16,08
1022,01,02,02,02,1,16,03
1023,01,01,01,02,1,16,03
1024,01,02,01,01,1,16,02
1025,01,01,02,02,1,16,01
1026,01,01,02,01,1,16,02
1027,01,02,01,01,1,16,03
1028,01,01,02,01,1,16,03
1029,01,02,02,02,1,16,02
1030,01,01,01,02,1,16,02
1031,01,01,01,01,1,16,01
1032,01,01,01,01,1,16,06
1033,01,01,01,02,1,16,05
1034,01,02,02,02,1,16,05
1035,01,02,02,01,1,16,06
1036,01,01,02,01,1,16,04
1037,01,01,02,02,1,16,07
1038,01,02,01,02,1,16,07
1039,01,02,01,01,1,16,04
1040,01,02,01,02,1,16,08
1041,01,01,02,02,1,16,08
1042,01,01,02,02,1,16,02
1043,01,01,02,01,1,16,01
1044,01,02,01,02,1,16,02
1045,01,01,01,01,1,16,03
1046,01,02,02,01,1,16,03
1047,01,02,02,02,1,16,07
1048,01,02,02,01,1,16,04
1049,01,01,01,01,1,16,04
1050,01,01,01,02,1,16,07
1051,01,02,01,02,1,16,05
1052,01,02,01,01,1,16,06
1053,01,01,02,01,1,16,06
1054,01,01,02,02,1,16,05
1055,01,01,01,02,1,16,08
1056,01,02,02,02,1,16,08
1057,01,02,01,02,1,16,04
1058,01,02,01,01,1,16,07
1059,01,01,02,01,1,16,07
1060,01,01,02,02,1,16,04
1061,01,02,02,02,1,16,06
1062,01,02,02,01,1,16,05
1063,01,01,01,01,1,16,05
1064,01,01,01,02,1,16,06
1065,01,01,02,01,1,16,08
1066,01,02,01,01,1,16,08
1067,01,01,01,02,1,16,01
1068,01,01,01,01,1,16,02
1069,01,02,02,01,1,16,02
1070,01,01,02,02,1,16,03
1071,01,02,01,02,1,16,03
1072,01,01,02,02,0,11,01
1073,01,01,02,01,0,11,02
1074,01,02,01,01,0,11,02
1075,01,01,01,02,0,11,03
1076,01,02,02,02,0,11,03
1077,01,02,02,02,0,11,04
1078,01,02,02,01,0,11,07
1079,01,01,01,01,0,11,07
1080,01,01,01,02,0,11,04
1081,01,02,01,02,0,11,06
1082,01,02,01,01,0,11,05
1083,01,01,02,01,0,11,05
1084,01,01,02,02,0,11,06
1085,01,01,01,01,0,11,08
1086,01,02,02,01,0,11,08
1087,01,02,01,02,0,11,07
1088,01,02,01,01,0,11,04
1089,01,01,02,01,0,11,04
1090,01,01,02,02,0,11,07
1091,01,02,02,02,0,11,05
1092,01,02,02,01,0,11,06
1093,01,01,01,01,0,11,06
1094,01,01,01,02,0,11,05
1095,01,01,02,02,0,11,08
1096,01,02,01,02,0,11,08
1097,01,01,01,02,0,11,02
1098,01,01,01,01,0,11,01
1099,01,02,02,02,0,11,02
1100,01,01,02,01,0,11,03
1101,01,02,01,01,0,11,03
1102,01,01,02,01,0,11,06
1103,01,01,02,02,0,11,05
1104,01,02,01,02,0,11,05
1105,01,02,01,01,0,11,06
1106,01,01,01,01,0,11,04
1107,01,01,01,02,0,11,07
1108,01,02,02,02,0,11,07
1109,01,02,02,01,0,11,04
1110,01,02,02,02,0,11,08
1111,01,01,01,02,0,11,08
1112,01,02,02,01,0,11,03
1113,01,01,01,01,0,11,03
1114,01,02,01,02,0,11,02
1115,01,01,02,02,0,11,02
1116,01,01,02,01,0,11,01
1117,01,02,01,02,0,11,03
1118,01,01,02,02,0,11,03
1119,01,02,02,01,0,11,02
1120,01,01,01,02,0,11,01
1121,01,01,01,01,0,11,02
1122,01,01,01,01,0,11,05
1123,01,01,01,02,0,11,06
1124,01,02,02,02,0,11,06
1125,01,02,02,01,0,11,05
1126,01,01,02,01,0,11,07
1127,01,01,02,02,0,11,04
1128,01,02,01,02,0,11,04
1129,01,02,01,01,0,11,07
1130,01,02,01,01,0,11,08
1131,01,01,02,01,0,11,08
1132,01,02,01,02,1,18,03
1133,01,01,02,02,1,18,03
1134,01,02,02,01,1,18,02
1135,01,01,01,01,1,18,02
1136,01,01,01,02,1,18,01
1137,01,01,01,02,1,18,06
1138,01,01,01,01,1,18,05
1139,01,02,02,01,1,18,05
1140,01,02,02,02,1,18,06
1141,01,01,02,02,1,18,04
1142,01,01,02,01,1,18,07
1143,01,02,01,01,1,18,07
1144,01,02,01,02,1,18,04
1145,01,02,01,01,1,18,08
1146,01,01,02,01,1,18,08
1147,01,01,02,02,1,18,05
1148,01,01,02,01,1,18,06
1149,01,02,01,01,1,18,06
1150,01,02,01,02,1,18,05
1151,01,01,01,02,1,18,07
1152,01,01,01,01,1,18,04
1153,01,02,02,01,1,18,04
1154,01,02,02,02,1,18,07
1155,01,02,02,02,1,18,08
1156,01,01,01,02,1,18,08
1157,01,02,02,01,1,18,03
1158,01,01,01,01,1,18,03
1159,01,02,01,02,1,18,02
1160,01,01,02,01,1,18,01
1161,01,01,02,02,1,18,02
1162,01,02,01,01,1,18,04
1163,01,02,01,02,1,18,07
1164,01,01,02,02,1,18,07
1165,01,01,02,01,1,18,04
1166,01,02,02,01,1,18,06
1167,01,02,02,02,1,18,05
1168,01,01,01,02,1,18,05
1169,01,01,01,01,1,18,06
1170,01,01,02,02,1,18,08
1171,01,02,01,02,1,18,08
1172,01,01,01,01,1,18,01
1173,01,01,01,02,1,18,02
1174,01,02,02,02,1,18,02
1175,01,01,02,01,1,18,03
1176,01,02,01,01,1,18,03
1177,01,01,02,01,1,18,02
1178,01,01,02,02,1,18,01
1179,01,02,01,01,1,18,02
1180,01,01,01,02,1,18,03
1181,01,02,02,02,1,18,03
1182,01,02,02,01,1,18,07
1183,01,02,02,02,1,18,04
1184,01,01,01,02,1,18,04
1185,01,01,01,01,1,18,07
1186,01,02,01,01,1,18,05
1187,01,02,01,02,1,18,06
1188,01,01,02,02,1,18,06
1189,01,01,02,01,1,18,05
1190,01,01,01,01,1,18,08
1191,01,02,02,01,1,18,08
1192,01,01,02,01,1,20,08
1193,01,02,01,01,1,20,08
1194,01,02,01,02,1,20,04
1195,01,02,01,01,1,20,07
1196,01,01,02,01,1,20,07
1197,01,01,02,02,1,20,04
1198,01,02,02,02,1,20,06
1199,01,02,02,01,1,20,05
1200,01,01,01,01,1,20,05
1201,01,01,01,02,1,20,06
1202,01,01,01,02,1,20,01
1203,01,01,01,01,1,20,02
1204,01,02,02,01,1,20,02
1205,01,01,02,02,1,20,03
1206,01,02,01,02,1,20,03
1207,01,01,02,02,1,20,02
1208,01,01,02,01,1,20,01
1209,01,02,01,02,1,20,02
1210,01,01,01,01,1,20,03
1211,01,02,02,01,1,20,03
1212,01,01,01,02,1,20,08
1213,01,02,02,02,1,20,08
1214,01,02,02,02,1,20,07
1215,01,02,02,01,1,20,04
1216,01,01,01,01,1,20,04
1217,01,01,01,02,1,20,07
1218,01,02,01,02,1,20,05
1219,01,02,01,01,1,20,06
1220,01,01,02,01,1,20,06
1221,01,01,02,02,1,20,05
1222,01,02,01,01,1,20,03
1223,01,01,02,01,1,20,03
1224,01,02,02,02,1,20,02
1225,01,01,01,02,1,20,02
1226,01,01,01,01,1,20,01
1227,01,02,01,02,1,20,08
1228,01,01,02,02,1,20,08
1229,01,01,01,01,1,20,06
1230,01,01,01,02,1,20,05
1231,01,02,02,02,1,20,05
1232,01,02,02,01,1,20,06
1233,01,01,02,01,1,20,04
1234,01,01,02,02,1,20,07
1235,01,02,01,02,1,20,07
1236,01,02,01,01,1,20,04
1237,01,02,02,01,1,20,08
1238,01,01,01,01,1,20,08
1239,01,01,02,01,1,20,05
1240,01,01,02,02,1,20,06
1241,01,02,01,02,1,20,06
1242,01,02,01,01,1,20,05
1243,01,01,01,01,1,20,07
1244,01,01,01,02,1,20,04
1245,01,02,02,02,1,20,04
1246,01,02,02,01,1,20,07
1247,01,02,02,02,1,20,03
1248,01,01,01,02,1,20,03
1249,01,02,01,01,1,20,02
1250,01,01,02,02,1,20,01
1251,01,01,02,01,1,20,02
1252,01,02,01,01,0,21,08
1253,01,01,02,01,0,21,08
1254,01,01,01,02,0,21,06
1255,01,01,01,01,0,21,05
1256,01,02,02,01,0,21,05
1257,01,02,02,02,0,21,06
1258,01,01,02,02,0,21,04
1259,01,01,02,01,0,21,07
1260,01,02,01,01,0,21,07
1261,01,02,01,02,0,21,04
1262,01,02,01,02,0,21,03
1263,01,01,02,02,0,21,03
1264,01,02,02,01,0,21,02
1265,01,01,01,01,0,21,02
1266,01,01,01,02,0,21,01
1267,01,02,02,01,0,21,03
1268,01,01,01,01,0,21,03
1269,01,02,01,02,0,21,02
1270,01,01,02,01,0,21,01
1271,01,01,02,02,0,21,02
1272,01,02,02,02,0,21,08
1273,01,01,01,02,0,21,08
1274,01,01,02,02,0,21,05
1275,01,01,02,01,0,21,06
1276,01,02,01,01,0,21,06
1277,01,02,01,02,0,21,05
1278,01,01,01,02,0,21,07
1279,01,01,01,01,0,21,04
1280,01,02,02,01,0,21,04
1281,01,02,02,02,0,21,07
1282,01,01,01,01,0,21,01
1283,01,01,01,02,0,21,02
1284,01,02,02,02,0,21,02
1285,01,01,02,01,0,21,03
1286,01,02,01,01,0,21,03
1287,01,01,02,02,0,21,08
1288,01,02,01,02,0,21,08
1289,01,02,01,01,0,21,04
1290,01,02,01,02,0,21,07
1291,01,01,02,02,0,21,07
1292,01,01,02,01,0,21,04
1293,01,02,02,01,0,21,06
1294,01,02,02,02,0,21,05
1295,01,01,01,02,0,21,05
1296,01,01,01,01,0,21,06
1297,01,01,01,01,0,21,08
1298,01,02,02,01,0,21,08
1299,01,02,02,01,0,21,07
1300,01,02,02,02,0,21,04
1301,01,01,01,02,0,21,04
1302,01,01,01,01,0,21,07
1303,01,02,01,01,0,21,05
1304,01,02,01,02,0,21,06
1305,01,01,02,02,0,21,06
1306,01,01,02,01,0,21,05
1307,01,01,02,01,0,21,02
1308,01,01,02,02,0,21,01
1309,01,02,01,01,0,21,02
1310,01,01,01,02,0,21,03
1311,01,02,02,02,0,21,03
1312,01,01,01,02,0,19,01
1313,01,01,01,01,0,19,02
1314,01,02,02,01,0,19,02
1315,01,01,02,02,0,19,03
1316,01,02,01,02,0,19,03
1317,01,02,01,02,0,19,04
1318,01,02,01,01,0,19,07
1319,01,01,02,01,0,19,07
1320,01,01,02,02,0,19,04
1321,01,02,02,02,0,19,06
1322,01,02,02,01,0,19,05
1323,01,01,01,01,0,19,05
1324,01,01,01,02,0,19,06
1325,01,01,02,01,0,19,08
1326,01,02,01,01,0,19,08
1327,01,02,02,02,0,19,07
1328,01,02,02,01,0,19,04
1329,01,01,01,01,0,19,04
1330,01,01,01,02,0,19,07
1331,01,02,01,02,0,19,05
1332,01,02,01,01,0,19,06
1333,01,01,02,01,0,19,06
1334,01,01,02,02,0,19,05
1335,01,01,01,02,0,19,08
1336,01,02,02,02,0,19,08
1337,01,01,02,02,0,19,02
1338,01,01,02,01,0,19,01
1339,01,02,01,02,0,19,02
1340,01,01,01,01,0,19,03
1341,01,02,02,01,0,19,03
1342,01,01,01,01,0,19,06
1343,01,01,01,02,0,19,05
1344,01,02,02,02,0,19,05
1345,01,02,02,01,0,19,06
1346,01,01,02,01,0,19,04
1347,01,01,02,02,0,19,07
1348,01,02,01,02,0,19,07
1349,01,02,01,01,0,19,04
1350,01,02,01,02,0,19,08
1351,01,01,02,02,0,19,08
1352,01,02,01,01,0,19,03
1353,01,01,02,01,0,19,03
1354,01,02,02,02,0,19,02
1355,01,01,01,02,0,19,02
1356,01,01,01,01,0,19,01
1357,01,02,02,02,0,19,03
1358,01,01,01,02,0,19,03
1359,01,02,01,01,0,19,02
1360,01,01,02,02,0,19,01
1361,01,01,02,01,0,19,02
1362,01,01,02,01,0,19,05
1363,01,01,02,02,0,19,06
1364,01,02,01,02,0,19,06
1365,01,02,01,01,0,19,05
1366,01,01,01,01,0,19,07
1367,01,01,01,02,0,19,04
1368,01,02,02,02,0,19,04
1369,01,02,02,01,0,19,07
1370,01,02,02,01,0,19,08
1371,01,01,01,01,0,19,08
1372,01,02,02,02,1,10,03
1373,01,01,01,02,1,10,03
1374,01,02,01,01,1,10,02
1375,01,01,02,01,1,10,02
1376,01,01,02,02,1,10,01
1377,01,01,02,02,1,10,06
1378,01,01,02,01,1,10,05
1379,01,02,01,01,1,10,05
1380,01,02,01,02,1,10,06
1381,01,01,01,02,1,10,04
1382,01,01,01,01,1,10,07
1383,01,02,02,01,1,10,07
1384,01,02,02,02,1,10,04
1385,01,02,02,01,1,10,08
1386,01,01,01,01,1,10,08
1387,01,01,01,02,1,10,05
1388,01,01,01,01,1,10,06
1389,01,02,02,01,1,10,06
1390,01,02,02,02,1,10,05
1391,01,01,02,02,1,10,07
1392,01,01,02,01,1,10,04
1393,01,02,01,01,1,10,04
1394,01,02,01,02,1,10,07
1395,01,02,01,02,1,10,08
1396,01,01,02,02,1,10,08
1397,01,02,01,01,1,10,03
1398,01,01,02,01,1,10,03
1399,01,02,02,02,1,10,02
1400,01,01,01,01,1,10,01
1401,01,01,01,02,1,10,02
1402,01,02,02,01,1,10,04
1403,01,02,02,02,1,10,07
1404,01,01,01,02,1,10,07
1405,01,01,01,01,1,10,04
1406,01,02,01,01,1,10,06
1407,01,02,01,02,1,10,05
1408,01,01,02,02,1,10,05
1409,01,01,02,01,1,10,06
1410,01,01,01,02,1,10,08
1411,01,02,02,02,1,10,08
1412,01,01,02,01,1,10,01
1413,01,01,02,02,1,10,02
1414,01,02,01,02,1,10,02
1415,01,01,01,01,1,10,03
1416,01,02,02,01,1,10,03
1417,01,01,01,01,1,10,02
1418,01,01,01,02,1,10,01
1419,01,02,02,01,1,10,02
1420,01,01,02,02,1,10,03
1421,01,02,01,02,1,10,03
1422,01,02,01,01,1,10,07
1423,01,02,01,02,1,10,04
1424,01,01,02,02,1,10,04
1425,01,01,02,01,1,10,07
1426,01,02,02,01,1,10,05
1427,01,02,02,02,1,10,06
1428,01,01,01,02,1,10,06
1429,01,01,01,01,1,10,05
1430,01,01,02,01,1,10,08
1431,01,02,01,01,1,10,08
1432,01,02,02,01,0,17,07
1433,01,02,02,02,0,17,04
1434,01,01,01,02,0,17,04
1435,01,01,01,01,0,17,07
1436,01,02,01,01,0,17,05
1437,01,02,01,02,0,17,06
1438,01,01,02,02,0,17,06
1439,01,01,02,01,0,17,05
1440,01,01,01,01,0,17,08
1441,01,02,02,01,0,17,08
1442,01,01,02,01,0,17,02
1443,01,01,02,02,0,17,01
1444,01,02,01,01,0,17,02
1445,01,01,01,02,0,17,03
1446,01,02,02,02,0,17,03
1447,01,01,01,01,0,17,01
1448,01,01,01,02,0,17,02
1449,01,02,02,02,0,17,02
1450,01,01,02,01,0,17,03
1451,01,02,01,01,0,17,03
1452,01,02,01,01,0,17,04
1453,01,02,01,02,0,17,07
1454,01,01,02,02,0,17,07
1455,01,01,02,01,0,17,04
1456,01,02,02,01,0,17,06
1457,01,02,02,02,0,17,05
1458,01,01,01,02,0,17,05
1459,01,01,01,01,0,17,06
1460,01,01,02,02,0,17,08
1461,01,02,01,02,0,17,08
1462,01,02,02,01,0,17,03
1463,01,01,01,01,0,17,03
1464,01,02,01,02,0,17,02
1465,01,01,02,01,0,17,01
1466,01,01,02,02,0,17,02
1467,01,01,02,02,0,17,05
1468,01,01,02,01,0,17,06
1469,01,02,01,01,0,17,06
1470,01,02,01,02,0,17,05
1471,01,01,01,02,0,17,07
1472,01,01,01,01,0,17,04
1473,01,02,02,01,0,17,04
1474,01,02,02,02,0,17,07
1475,01,02,02,02,0,17,08
1476,01,01,01,02,0,17,08
1477,01,01,01,02,0,17,06
1478,01,01,01,01,0,17,05
1479,01,02,02,01,0,17,05
1480,01,02,02,02,0,17,06
1481,01,01,02,02,0,17,04
1482,01,01,02,01,0,17,07
1483,01,02,01,01,0,17,07
1484,01,02,01,02,0,17,04
1485,01,02,01,01,0,17,08
1486,01,01,02,01,0,17,08
1487,01,02,01,02,0,17,03
1488,01,01,02,02,0,17,03
1489,01,02,02,01,0,17,02
1490,01,01,01,01,0,17,02
1491,01,01,01,02,0,17,01
1492,01,02,02,02,1,04,03
1493,01,01,01,02,1,04,03
1494,01,02,01,01,1,04,02
1495,01,01,02,02,1,04,01
1496,01,01,02,01,1,04,02
1497,01,01,02,01,1,04,05
1498,01,01,02,02,1,04,06
1499,01,02,01,02,1,04,06
1500,01,02,01,01,1,04,05
1501,01,01,01,01,1,04,07
1502,01,01,01,02,1,04,04
1503,01,02,02,02,1,04,04
1504,01,02,02,01,1,04,07
1505,01,02,02,01,1,04,08
1506,01,01,01,01,1,04,08
1507,01,01,01,01,1,04,06
1508,01,01,01,02,1,04,05
1509,01,02,02,02,1,04,05
1510,01,02,02,01,1,04,06
1511,01,01,02,01,1,04,04
1512,01,01,02,02,1,04,07
1513,01,02,01,02,1,04,07
1514,01,02,01,01,1,04,04
1515,01,02,01,02,1,04,08
1516,01,01,02,02,1,04,08
1517,01,02,01,01,1,04,03
1518,01,01,02,01,1,04,03
1519,01,02,02,02,1,04,02
1520,01,01,01,02,1,04,02
1521,01,01,01,01,1,04,01
1522,01,02,02,02,1,04,07
1523,01,02,02,01,1,04,04
1524,01,01,01,01,1,04,04
1525,01,01,01,02,1,04,07
1526,01,02,01,02,1,04,05
1527,01,02,01,01,1,04,06
1528,01,01,02,01,1,04,06
1529,01,01,02,02,1,04,05
1530,01,01,01,02,1,04,08
1531,01,02,02,02,1,04,08
1532,01,01,02,02,1,04,02
1533,01,01,02,01,1,04,01
1534,01,02,01,02,1,04,02
1535,01,01,01,01,1,04,03
1536,01,02,02,01,1,04,03
1537,01,01,01,02,1,04,01
1538,01,01,01,01,1,04,02
1539,01,02,02,01,1,04,02
1540,01,01,02,02,1,04,03
1541,01,02,01,02,1,04,03
1542,01,02,01,02,1,04,04
1543,01,02,01,01,1,04,07
1544,01,01,02,01,1,04,07
1545,01,01,02,02,1,04,04
1546,01,02,02,02,1,04,06
1547,01,02,02,01,1,04,05
1548,01,01,01,01,1,04,05
1549,01,01,01,02,1,04,06
1550,01,01,02,01,1,04,08
1551,01,02,01,01,1,04,08
1552,01,02,02,02,0,03,04
1553,01,02,02,01,0,03,07
1554,01,01,01,01,0,03,07
1555,01,01,01,02,0,03,04
1556,01,02,01,02,0,03,06
1557,01,02,01,01,0,03,05
1558,01,01,02,01,0,03,05
1559,01,01,02,02,0,03,06
1560,01,01,01,01,0,03,08
1561,01,02,02,01,0,03,08
1562,01,01,02,02,0,03,01
1563,01,01,02,01,0,03,02
1564,01,02,01,01,0,03,02
1565,01,01,01,02,0,03,03
1566,01,02,02,02,0,03,03
1567,01,01,01,02,0,03,02
1568,01,01,01,01,0,03,01
1569,01,02,02,02,0,03,02
1570,01,01,02,01,0,03,03
1571,01,02,01,01,0,03,03
1572,01,02,01,02,0,03,07
1573,01,02,01,01,0,03,04
1574,01,01,02,01,0,03,04
1575,01,01,02,02,0,03,07
1576,01,02,02,02,0,03,05
1577,01,02,02,01,0,03,06
1578,01,01,01,01,0,03,06
1579,01,01,01,02,0,03,05
1580,01,01,02,02,0,03,08
1581,01,02,01,02,0,03,08
1582,01,02,02,01,0,03,03
1583,01,01,01,01,0,03,03
1584,01,02,01,02,0,03,02
1585,01,01,02,02,0,03,02
1586,01,01,02,01,0,03,01
1587,01,01,02,01,0,03,06
1588,01,01,02,02,0,03,05
1589,01,02,01,02,0,03,05
1590,01,02,01,01,0,03,06
1591,01,01,01,01,0,03,04
1592,01,01,01,02,0,03,07
1593,01,02,02,02,0,03,07
1594,01,02,02,01,0,03,04
1595,01,02,02,02,0,03,08
1596,01,01,01,02,0,03,08
1597,01,01,01,01,0,03,05
1598,01,01,01,02,0,03,06
1599,01,02,02,02,0,03,06
1600,01,02,02,01,0,03,05
1601,01,01,02,01,0,03,07
1602,01,01,02,02,0,03,04
1603,01,02,01,02,0,03,04
1604,01,02,01,01,0,03,07
1605,01,02,01,01,0,03,08
1606,01,01,02,01,0,03,08
1607,01,02,01,02,0,03,03
1608,01,01,02,02,0,03,03
1609,01,02,02,01,0,03,02
1610,01,01,01,02,0,03,01
1611,01,01,01,01,0,03,02
1612,01,01,02,02,1,02,06
1613,01,01,02,01,1,02,05
1614,01,02,01,01,1,02,05
1615,01,02,01,02,1,02,06
1616,01,01,01,02,1,02,04
1617,01,01,01,01,1,02,07
1618,01,02,02,01,1,02,07
1619,01,02,02,02,1,02,04
1620,01,02,02,01,1,02,08
1621,01,01,01,01,1,02,08
1622,01,02,02,02,1,02,03
1623,01,01,01,02,1,02,03
1624,01,02,01,01,1,02,02
1625,01,01,02,01,1,02,02
1626,01,01,02,02,1,02,01
1627,01,02,01,01,1,02,03
1628,01,01,02,01,1,02,03
1629,01,02,02,02,1,02,02
1630,01,01,01,01,1,02,01
1631,01,01,01,02,1,02,02
1632,01,01,01,02,1,02,05
1633,01,01,01,01,1,02,06
1634,01,02,02,01,1,02,06
1635,01,02,02,02,1,02,05
1636,01,01,02,02,1,02,07
1637,01,01,02,01,1,02,04
1638,01,02,01,01,1,02,04
1639,01,02,01,02,1,02,07
1640,01,02,01,02,1,02,08
1641,01,01,02,02,1,02,08
1642,01,01,02,01,1,02,01
1643,01,01,02,02,1,02,02
1644,01,02,01,02,1,02,02
1645,01,01,01,01,1,02,03
1646,01,02,02,01,1,02,03
1647,01,02,02,01,1,02,04
1648,01,02,02,02,1,02,07
1649,01,01,01,02,1,02,07
1650,01,01,01,01,1,02,04
1651,01,02,01,01,1,02,06
1652,01,02,01,02,1,02,05
1653,01,01,02,02,1,02,05
1654,01,01,02,01,1,02,06
1655,01,01,01,02,1,02,08
1656,01,02,02,02,1,02,08
1657,01,02,01,01,1,02,07
1658,01,02,01,02,1,02,04
1659,01,01,02,02,1,02,04
1660,01,01,02,01,1,02,07
1661,01,02,02,01,1,02,05
1662,01,02,02,02,1,02,06
1663,01,01,01,02,1,02,06
1664,01,01,01,01,1,02,05
1665,01,01,02,01,1,02,08
1666,01,02,01,01,1,02,08
1667,01,01,01,01,1,02,02
1668,01,01,01,02,1,02,01
1669,01,02,02,01,1,02,02
1670,01,01,02,02,1,02,03
1671,01,02,01,02,1,02,03
1672,01,01,02,01,0,05,02
1673,01,01,02,02,0,05,01
1674,01,02,01,01,0,05,02
1675,01,01,01,02,0,05,03
1676,01,02,02,02,0,05,03
1677,01,02,02,01,0,05,07
1678,01,02,02,02,0,05,04
1679,01,01,01,02,0,05,04
1680,01,01,01,01,0,05,07
1681,01,02,01,01,0,05,05
1682,01,02,01,02,0,05,06
1683,01,01,02,02,0,05,06
1684,01,01,02,01,0,05,05
1685,01,01,01,01,0,05,08
1686,01,02,02,01,0,05,08
1687,01,02,01,01,0,05,04
1688,01,02,01,02,0,05,07
1689,01,01,02,02,0,05,07
1690,01,01,02,01,0,05,04
1691,01,02,02,01,0,05,06
1692,01,02,02,02,0,05,05
1693,01,01,01,02,0,05,05
1694,01,01,01,01,0,05,06
1695,01,01,02,02,0,05,08
1696,01,02,01,02,0,05,08
1697,01,01,01,01,0,05,01
1698,01,01,01,02,0,05,02
1699,01,02,02,02,0,05,02
1700,01,01,02,01,0,05,03
1701,01,02,01,01,0,05,03
1702,01,01,02,02,0,05,05
1703,01,01,02,01,0,05,06
1704,01,02,01,01,0,05,06
1705,01,02,01,02,0,05,05
1706,01,01,01,02,0,05,07
1707,01,01,01,01,0,05,04
1708,01,02,02,01,0,05,04
1709,01,02,02,02,0,05,07
1710,01,02,02,02,0,05,08
1711,01,01,01,02,0,05,08
1712,01,02,02,01,0,05,03
1713,01,01,01,01,0,05,03
1714,01,02,01,02,0,05,02
1715,01,01,02,01,0,05,01
1716,01,01,02,02,0,05,02
1717,01,02,01,02,0,05,03
1718,01,01,02,02,0,05,03
1719,01,02,02,01,0,05,02
1720,01,01,01,01,0,05,02
1721,01,01,01,02,0,05,01
1722,01,01,01,02,0,05,06
1723,01,01,01,01,0,05,05
1724,01,02,02,01,0,05,05
1725,01,02,02,02,0,05,06
1726,01,01,02,02,0,05,04
1727,01,01,02,01,0,05,07
1728,01,02,01,01,0,05,07
1729,01,02,01,02,0,05,04
1730,01,02,01,01,0,05,08
1731,01,01,02,01,0,05,08
1732,01,01,02,01,1,12,02
1733,01,01,02,02,1,12,01
1734,01,02,01,01,1,12,02
1735,01,01,01,02,1,12,03
1736,01,02,02,02,1,12,03
1737,01,01,01,01,1,12,08
1738,01,02,02,01,1,12,08
1739,01,02,02,01,1,12,07
1740,01,02,02,02,1,12,04
1741,01,01,01,02,1,12,04
1742,01,01,01,01,1,12,07
1743,01,02,01,01,1,12,05
1744,01,02,01,02,1,12,06
1745,01,01,02,02,1,12,06
1746,01,01,02,01,1,12,05
1747,01,01,02,02,1,12,08
1748,01,02,01,02,1,12,08
1749,01,02,01,01,1,12,04
1750,01,02,01,02,1,12,07
1751,01,01,02,02,1,12,07
1752,01,01,02,01,1,12,04
1753,01,02,02,01,1,12,06
1754,01,02,02,02,1,12,05
1755,01,01,01,02,1,12,05
1756,01,01,01,01,1,12,06
1757,01,01,01,01,1,12,01
1758,01,01,01,02,1,12,02
1759,01,02,02,02,1,12,02
1760,01,01,02,01,1,12,03
1761,01,02,01,01,1,12,03
1762,01,02,02,02,1,12,08
1763,01,01,01,02,1,12,08
1764,01,01,02,02,1,12,05
1765,01,01,02,01,1,12,06
1766,01,02,01,01,1,12,06
1767,01,02,01,02,1,12,05
1768,01,01,01,02,1,12,07
1769,01,01,01,01,1,12,04
1770,01,02,02,01,1,12,04
1771,01,02,02,02,1,12,07
1772,01,02,02,01,1,12,03
1773,01,01,01,01,1,12,03
1774,01,02,01,02,1,12,02
1775,01,01,02,01,1,12,01
1776,01,01,02,02,1,12,02
1777,01,02,01,02,1,12,03
1778,01,01,02,02,1,12,03
1779,01,02,02,01,1,12,02
1780,01,01,01,01,1,12,02
1781,01,01,01,02,1,12,01
1782,01,02,01,01,1,12,08
1783,01,01,02,01,1,12,08
1784,01,01,01,02,1,12,06
1785,01,01,01,01,1,12,05
1786,01,02,02,01,1,12,05
1787,01,02,02,02,1,12,06
1788,01,01,02,02,1,12,04
1789,01,01,02,01,1,12,07
1790,01,02,01,01,1,12,07
1791,01,02,01,02,1,12,04
1792,01,02,02,01,0,15,08
1793,01,01,01,01,0,15,08
1794,01,01,02,02,0,15,06
1795,01,01,02,01,0,15,05
1796,01,02,01,01,0,15,05
1797,01,02,01,02,0,15,06
1798,01,01,01,02,0,15,04
1799,01,01,01,01,0,15,07
1800,01,02,02,01,0,15,07
1801,01,02,02,02,0,15,04
1802,01,02,02,02,0,15,03
1803,01,01,01,02,0,15,03
1804,01,02,01,01,0,15,02
1805,01,01,02,01,0,15,02
1806,01,01,02,02,0,15,01
1807,01,02,01,01,0,15,03
1808,01,01,02,01,0,15,03
1809,01,02,02,02,0,15,02
1810,01,01,01,01,0,15,01
1811,01,01,01,02,0,15,02
1812,01,02,01,02,0,15,08
1813,01,01,02,02,0,15,08
1814,01,01,01,02,0,15,05
1815,01,01,01,01,0,15,06
1816,01,02,02,01,0,15,06
1817,01,02,02,02,0,15,05
1818,01,01,02,02,0,15,07
1819,01,01,02,01,0,15,04
1820,01,02,01,01,0,15,04
1821,01,02,01,02,0,15,07
1822,01,01,02,01,0,15,01
1823,01,01,02,02,0,15,02
1824,01,02,01,02,0,15,02
1825,01,01,01,01,0,15,03
1826,01,02,02,01,0,15,03
1827,01,01,01,02,0,15,08
1828,01,02,02,02,0,15,08
1829,01,02,02,01,0,15,04
1830,01,02,02,02,0,15,07
1831,01,01,01,02,0,15,07
1832,01,01,01,01,0,15,04
1833,01,02,01,01,0,15,06
1834,01,02,01,02,0,15,05
1835,01,01,02,02,0,15,05
1836,01,01,02,01,0,15,06
1837,01,01,02,01,0,15,08
1838,01,02,01,01,0,15,08
1839,01,02,01,01,0,15,07
1840,01,02,01,02,0,15,04
1841,01,01,02,02,0,15,04
1842,01,01,02,01,0,15,07
1843,01,02,02,01,0,15,05
1844,01,02,02,02,0,15,06
1845,01,01,01,02,0,15,06
1846,01,01,01,01,0,15,05
1847,01,01,01,01,0,15,02
1848,01,01,01,02,0,15,01
1849,01,02,02,01,0,15,02
1850,01,01,02,02,0,15,03
1851,01,02,01,02,0,15,03
1852,01,02,01,01,0,23,07
1853,01,02,01,02,0,23,04
1854,01,01,02,02,0,23,04
1855,01,01,02,01,0,23,07
1856,01,02,02,01,0,23,05
1857,01,02,02,02,0,23,06
1858,01,01,01,02,0,23,06
1859,01,01,01,01,0,23,05
1860,01,01,02,01,0,23,08
1861,01,02,01,01,0,23,08
1862,01,01,01,01,0,23,02
1863,01,01,01,02,0,23,01
1864,01,02,02,01,0,23,02
1865,01,01,02,02,0,23,03
1866,01,02,01,02,0,23,03
1867,01,01,02,01,0,23,01
1868,01,01,02,02,0,23,02
1869,01,02,01,02,0,23,02
1870,01,01,01,01,0,23,03
1871,01,02,02,01,0,23,03
1872,01,02,02,01,0,23,04
1873,01,02,02,02,0,23,07
1874,01,01,01,02,0,23,07
1875,01,01,01,01,0,23,04
1876,01,02,01,01,0,23,06
1877,01,02,01,02,0,23,05
1878,01,01,02,02,0,23,05
1879,01,01,02,01,0,23,06
1880,01,01,01,02,0,23,08
1881,01,02,02,02,0,23,08
1882,01,02,01,01,0,23,03
1883,01,01,02,01,0,23,03
1884,01,02,02,02,0,23,02
1885,01,01,01,01,0,23,01
1886,01,01,01,02,0,23,02
1887,01,01,01,02,0,23,05
1888,01,01,01,01,0,23,06
1889,01,02,02,01,0,23,06
1890,01,02,02,02,0,23,05
1891,01,01,02,02,0,23,07
1892,01,01,02,01,0,23,04
1893,01,02,01,01,0,23,04
1894,01,02,01,02,0,23,07
1895,01,02,01,02,0,23,08
1896,01,01,02,02,0,23,08
1897,01,01,02,02,0,23,06
1898,01,01,02,01,0,23,05
1899,01,02,01,01,0,23,05
1900,01,02,01,02,0,23,06
1901,01,01,01,02,0,23,04
1902,01,01,01,01,0,23,07
1903,01,02,02,01,0,23,07
1904,01,02,02,02,0,23,04
1905,01,02,02,01,0,23,08
1906,01,01,01,01,0,23,08
1907,01,02,02,02,0,23,03
1908,01,01,01,02,0,23,03
1909,01,02,01,01,0,23,02
1910,01,01,02,01,0,23,02
1911,01,01,02,02,0,23,01
1912,01,02,01,02,1,24,03
1913,01,01,02,02,1,24,03
1914,01,02,02,01,1,24,02
1915,01,01,01,01,1,24,02
1916,01,01,01,02,1,24,01
1917,01,01,01,02,1,24,06
1918,01,01,01,01,1,24,05
1919,01,02,02,01,1,24,05
1920,01,02,02,02,1,24,06
1921,01,01,02,02,1,24,04
1922,01,01,02,01,1,24,07
1923,01,02,01,01,1,24,07
1924,01,02,01,02,1,24,04
1925,01,02,01,01,1,24,08
1926,01,01,02,01,1,24,08
1927,01,01,02,02,1,24,05
1928,01,01,02,01,1,24,06
1929,01,02,01,01,1,24,06
1930,01,02,01,02,1,24,05
1931,01,01,01,02,1,24,07
1932,01,01,01,01,1,24,04
1933,01,02,02,01,1,24,04
1934,01,02,02,02,1,24,07
1935,01,02,02,02,1,24,08
1936,01,01,01,02,1,24,08
1937,01,02,02,01,1,24,03
1938,01,01,01,01,1,24,03
1939,01,02,01,02,1,24,02
1940,01,01,02,01,1,24,01
1941,01,01,02,02,1,24,02
1942,01,02,01,01,1,24,04
1943,01,02,01,02,1,24,07
1944,01,01,02,02,1,24,07
1945,01,01,02,01,1,24,04
1946,01,02,02,01,1,24,06
1947,01,02,02,02,1,24,05
1948,01,01,01,02,1,24,05
1949,01,01,01,01,1,24,06
1950,01,01,02,02,1,24,08
1951,01,02,01,02,1,24,08
1952,01,01,01,01,1,24,01
1953,01,01,01,02,1,24,02
1954,01,02,02,02,1,24,02
1955,01,01,02,01,1,24,03
1956,01,02,01,01,1,24,03
1957,01,01,02,01,1,24,02
1958,01,01,02,02,1,24,01
1959,01,02,01,01,1,24,02
1960,01,01,01,02,1,24,03
1961,01,02,02,02,1,24,03
1962,01,02,02,01,1,24,07
1963,01,02,02,02,1,24,04
1964,01,01,01,02,1,24,04
1965,01,01,01,01,1,24,07
1966,01,02,01,01,1,24,05
1967,01,02,01,02,1,24,06
1968,01,01,02,02,1,24,06
1969,01,01,02,01,1,24,05
1970,01,01,01,01,1,24,08
1971,01,02,02,01,1,24,08
1972,01,01,01,01,1,22,05
1973,01,01,01,02,1,22,06
1974,01,02,02,02,1,22,06
1975,01,02,02,01,1,22,05
1976,01,01,02,01,1,22,07
1977,01,01,02,02,1,22,04
1978,01,02,01,02,1,22,04
1979,01,02,01,01,1,22,07
1980,01,02,01,01,1,22,08
1981,01,01,02,01,1,22,08
1982,01,02,01,02,1,22,03
1983,01,01,02,02,1,22,03
1984,01,02,02,01,1,22,02
1985,01,01,01,02,1,22,01
1986,01,01,01,01,1,22,02
1987,01,02,02,01,1,22,03
1988,01,01,01,01,1,22,03
1989,01,02,01,02,1,22,02
1990,01,01,02,02,1,22,02
1991,01,01,02,01,1,22,01
1992,01,01,02,01,1,22,06
1993,01,01,02,02,1,22,05
1994,01,02,01,02,1,22,05
1995,01,02,01,01,1,22,06
1996,01,01,01,01,1,22,04
1997,01,01,01,02,1,22,07
1998,01,02,02,02,1,22,07
1999,01,02,02,01,1,22,04
2000,01,02,02,02,1,22,08
2001,01,01,01,02,1,22,08
2002,01,01,01,02,1,22,02
2003,01,01,01,01,1,22,01
2004,01,02,02,02,1,22,02
2005,01,01,02,01,1,22,03
2006,01,02,01,01,1,22,03
2007,01,02,01,02,1,22,07
2008,01,02,01,01,1,22,04
2009,01,01,02,01,1,22,04
2010,01,01,02,02,1,22,07
2011,01,02,02,02,1,22,05
2012,01,02,02,01,1,22,06
2013,01,01,01,01,1,22,06
2014,01,01,01,02,1,22,05
2015,01,01,02,02,1,22,08
2016,01,02,01,02,1,22,08
2017,01,02,02,02,1,22,04
2018,01,02,02,01,1,22,07
2019,01,01,01,01,1,22,07
2020,01,01,01,02,1,22,04
2021,01,02,01,02,1,22,06
2022,01,02,01,01,1,22,05
2023,01,01,02,01,1,22,05
2024,01,01,02,02,1,22,06
2025,01,01,01,01,1,22,08
2026,01,02,02,01,1,22,08
2027,01,01,02,02,1,22,01
2028,01,01,02,01,1,22,02
2029,01,02,01,01,1,22,02
2030,01,01,01,02,1,22,03
2031,01,02,02,02,1,22,03
2032,01,01,01,01,1,14,08
2033,01,02,02,01,1,14,08
2034,01,02,02,02,1,14,04
2035,01,02,02,01,1,14,07
2036,01,01,01,01,1,14,07
2037,01,01,01,02,1,14,04
2038,01,02,01,02,1,14,06
2039,01,02,01,01,1,14,05
2040,01,01,02,01,1,14,05
2041,01,01,02,02,1,14,06
2042,01,01,02,02,1,14,01
2043,01,01,02,01,1,14,02
2044,01,02,01,01,1,14,02
2045,01,01,01,02,1,14,03
2046,01,02,02,02,1,14,03
2047,01,01,01,02,1,14,02
2048,01,01,01,01,1,14,01
2049,01,02,02,02,1,14,02
2050,01,01,02,01,1,14,03
2051,01,02,01,01,1,14,03
2052,01,01,02,02,1,14,08
2053,01,02,01,02,1,14,08
2054,01,02,01,02,1,14,07
2055,01,02,01,01,1,14,04
2056,01,01,02,01,1,14,04
2057,01,01,02,02,1,14,07
2058,01,02,02,02,1,14,05
2059,01,02,02,01,1,14,06
2060,01,01,01,01,1,14,06
2061,01,01,01,02,1,14,05
2062,01,02,02,01,1,14,03
2063,01,01,01,01,1,14,03
2064,01,02,01,02,1,14,02
2065,01,01,02,02,1,14,02
2066,01,01,02,01,1,14,01
2067,01,02,02,02,1,14,08
2068,01,01,01,02,1,14,08
2069,01,01,02,01,1,14,06
2070,01,01,02,02,1,14,05
2071,01,02,01,02,1,14,05
2072,01,02,01,01,1,14,06
2073,01,01,01,01,1,14,04
2074,01,01,01,02,1,14,07
2075,01,02,02,02,1,14,07
2076,01,02,02,01,1,14,04
2077,01,02,01,01,1,14,08
2078,01,01,02,01,1,14,08
2079,01,01,01,01,1,14,05
2080,01,01,01,02,1,14,06
2081,01,02,02,02,1,14,06
2082,01,02,02,01,1,14,05
2083,01,01,02,01,1,14,07
2084,01,01,02,02,1,14,04
2085,01,02,01,02,1,14,04
2086,01,02,01,01,1,14,07
2087,01,02,01,02,1,14,03
2088,01,01,02,02,1,14,03
2089,01,02,02,01,1,14,02
2090,01,01,01,02,1,14,01
2091,01,01,01,01,1,14,02
2092,01,02,02,02,0,13,03
2093,01,01,01,02,0,13,03
2094,01,02,01,01,0,13,02
2095,01,01,02,02,0,13,01
2096,01,01,02,01,0,13,02
2097,01,02,02,01,0,13,08
2098,01,01,01,01,0,13,08
2099,01,01,02,01,0,13,05
2100,01,01,02,02,0,13,06
2101,01,02,01,02,0,13,06
2102,01,02,01,01,0,13,05
2103,01,01,01,01,0,13,07
2104,01,01,01,02,0,13,04
2105,01,02,02,02,0,13,04
2106,01,02,02,01,0,13,07
2107,01,02,01,02,0,13,08
2108,01,01,02,02,0,13,08
2109,01,01,01,01,0,13,06
2110,01,01,01,02,0,13,05
2111,01,02,02,02,0,13,05
2112,01,02,02,01,0,13,06
2113,01,01,02,01,0,13,04
2114,01,01,02,02,0,13,07
2115,01,02,01,02,0,13,07
2116,01,02,01,01,0,13,04
2117,01,02,01,01,0,13,03
2118,01,01,02,01,0,13,03
2119,01,02,02,02,0,13,02
2120,01,01,01,02,0,13,02
2121,01,01,01,01,0,13,01
2122,01,01,01,02,0,13,08
2123,01,02,02,02,0,13,08
2124,01,02,02,02,0,13,07
2125,01,02,02,01,0,13,04
2126,01,01,01,01,0,13,04
2127,01,01,01,02,0,13,07
2128,01,02,01,02,0,13,05
2129,01,02,01,01,0,13,06
2130,01,01,02,01,0,13,06
2131,01,01,02,02,0,13,05
2132,01,01,02,02,0,13,02
2133,01,01,02,01,0,13,01
2134,01,02,01,02,0,13,02
2135,01,01,01,01,0,13,03
2136,01,02,02,01,0,13,03
2137,01,01,01,02,0,13,01
2138,01,01,01,01,0,13,02
2139,01,02,02,01,0,13,02
2140,01,01,02,02,0,13,03
2141,01,02,01,02,0,13,03
2142,01,01,02,01,0,13,08
2143,01,02,01,01,0,13,08
2144,01,02,01,02,0,13,04
2145,01,02,01,01,0,13,07
2146,01,01,02,01,0,13,07
2147,01,01,02,02,0,13,04
2148,01,02,02,02,0,13,06
2149,01,02,02,01,0,13,05
2150,01,01,01,01,0,13,05
2151,01,01,01,02,0,13,06
2152,01,02,01,01,0,09,08
2153,01,01,02,01,0,09,08
2154,01,01,01,01,0,09,05
2155,01,01,01,02,0,09,06
2156,01,02,02,02,0,09,06
2157,01,02,02,01,0,09,05
2158,01,01,02,01,0,09,07
2159,01,01,02,02,0,09,04
2160,01,02,01,02,0,09,04
2161,01,02,01,01,0,09,07
2162,01,02,01,02,0,09,03
2163,01,01,02,02,0,09,03
2164,01,02,02,01,0,09,02
2165,01,01,01,02,0,09,01
2166,01,01,01,01,0,09,02
2167,01,02,02,01,0,09,03
2168,01,01,01,01,0,09,03
2169,01,02,01,02,0,09,02
2170,01,01,02,02,0,09,02
2171,01,01,02,01,0,09,01
2172,01,02,02,02,0,09,08
2173,01,01,01,02,0,09,08
2174,01,01,02,01,0,09,06
2175,01,01,02,02,0,09,05
2176,01,02,01,02,0,09,05
2177,01,02,01,01,0,09,06
2178,01,01,01,01,0,09,04
2179,01,01,01,02,0,09,07
2180,01,02,02,02,0,09,07
2181,01,02,02,01,0,09,04
2182,01,01,01,02,0,09,02
2183,01,01,01,01,0,09,01
2184,01,02,02,02,0,09,02
2185,01,01,02,01,0,09,03
2186,01,02,01,01,0,09,03
2187,01,01,02,02,0,09,08
2188,01,02,01,02,0,09,08
2189,01,02,01,02,0,09,07
2190,01,02,01,01,0,09,04
2191,01,01,02,01,0,09,04
2192,01,01,02,02,0,09,07
2193,01,02,02,02,0,09,05
2194,01,02,02,01,0,09,06
2195,01,01,01,01,0,09,06
2196,01,01,01,02,0,09,05
2197,01,01,01,01,0,09,08
2198,01,02,02,01,0,09,08
2199,01,02,02,02,0,09,04
2200,01,02,02,01,0,09,07
2201,01,01,01,01,0,09,07
2202,01,01,01,02,0,09,04
2203,01,02,01,02,0,09,06
2204,01,02,01,01,0,09,05
2205,01,01,02,01,0,09,05
2206,01,01,02,02,0,09,06
2207,01,01,02,02,0,09,01
2208,01,01,02,01,0,09,02
2209,01,02,01,01,0,09,02
2210,01,01,01,02,0,09,03
2211,01,02,02,02,0,09,03
2212,01,02,02,02,0,07,03
2213,01,01,01,02,0,07,03
2214,01,02,01,01,0,07,02
2215,01,01,02,01,0,07,02
2216,01,01,02,02,0,07,01
2217,01,02,02,01,0,07,08
2218,01,01,01,01,0,07,08
2219,01,01,02,02,0,07,06
2220,01,01,02,01,0,07,05
2221,01,02,01,01,0,07,05
2222,01,02,01,02,0,07,06
2223,01,01,01,02,0,07,04
2224,01,01,01,01,0,07,07
2225,01,02,02,01,0,07,07
2226,01,02,02,02,0,07,04
2227,01,02,01,02,0,07,08
2228,01,01,02,02,0,07,08
2229,01,01,01,02,0,07,05
2230,01,01,01,01,0,07,06
2231,01,02,02,01,0,07,06
2232,01,02,02,02,0,07,05
2233,01,01,02,02,0,07,07
2234,01,01,02,01,0,07,04
2235,01,02,01,01,0,07,04
2236,01,02,01,02,0,07,07
2237,01,02,01,01,0,07,03
2238,01,01,02,01,0,07,03
2239,01,02,02,02,0,07,02
2240,01,01,01,01,0,07,01
2241,01,01,01,02,0,07,02
2242,01,01,01,02,0,07,08
2243,01,02,02,02,0,07,08
2244,01,02,02,01,0,07,04
2245,01,02,02,02,0,07,07
2246,01,01,01,02,0,07,07
2247,01,01,01,01,0,07,04
2248,01,02,01,01,0,07,06
2249,01,02,01,02,0,07,05
2250,01,01,02,02,0,07,05
2251,01,01,02,01,0,07,06
2252,01,01,02,01,0,07,01
2253,01,01,02,02,0,07,02
2254,01,02,01,02,0,07,02
2255,01,01,01,01,0,07,03
2256,01,02,02,01,0,07,03
2257,01,01,01,01,0,07,02
2258,01,01,01,02,0,07,01
2259,01,02,02,01,0,07,02
2260,01,01,02,02,0,07,03
2261,01,02,01,02,0,07,03
2262,01,01,02,01,0,07,08
2263,01,02,01,01,0,07,08
2264,01,02,01,01,0,07,07
2265,01,02,01,02,0,07,04
2266,01,01,02,02,0,07,04
2267,01,01,02,01,0,07,07
2268,01,02,02,01,0,07,05
2269,01,02,02,02,0,07,06
2270,01,01,01,02,0,07,06
2271,01,01,01,01,0,07,05
2272,01,01,02,02,1,06,01
2273,01,01,02,01,1,06,02
2274,01,02,01,01,1,06,02
2275,01,01,01,02,1,06,03
2276,01,02,02,02,1,06,03
2277,01,01,01,01,1,06,08
2278,01,02,02,01,1,06,08
2279,01,02,02,02,1,06,04
2280,01,02,02,01,1,06,07
2281,01,01,01,01,1,06,07
2282,01,01,01,02,1,06,04
2283,01,02,01,02,1,06,06
2284,01,02,01,01,1,06,05
2285,01,01,02,01,1,06,05
2286,01,01,02,02,1,06,06
2287,01,01,02,02,1,06,08
2288,01,02,01,02,1,06,08
2289,01,02,01,02,1,06,07
2290,01,02,01,01,1,06,04
2291,01,01,02,01,1,06,04
2292,01,01,02,02,1,06,07
2293,01,02,02,02,1,06,05
2294,01,02,02,01,1,06,06
2295,01,01,01,01,1,06,06
2296,01,01,01,02,1,06,05
2297,01,01,01,02,1,06,02
2298,01,01,01,01,1,06,01
2299,01,02,02,02,1,06,02
2300,01,01,02,01,1,06,03
2301,01,02,01,01,1,06,03
2302,01,02,02,02,1,06,08
2303,01,01,01,02,1,06,08
2304,01,01,02,01,1,06,06
2305,01,01,02,02,1,06,05
2306,01,02,01,02,1,06,05
2307,01,02,01,01,1,06,06
2308,01,01,01,01,1,06,04
2309,01,01,01,02,1,06,07
2310,01,02,02,02,1,06,07
2311,01,02,02,01,1,06,04
2312,01,02,02,01,1,06,03
2313,01,01,01,01,1,06,03
2314,01,02,01,02,1,06,02
2315,01,01,02,02,1,06,02
2316,01,01,02,01,1,06,01
2317,01,02,01,02,1,06,03
2318,01,01,02,02,1,06,03
2319,01,02,02,01,1,06,02
2320,01,01,01,02,1,06,01
2321,01,01,01,01,1,06,02
2322,01,02,01,01,1,06,08
2323,01,01,02,01,1,06,08
2324,01,01,01,01,1,06,05
2325,01,01,01,02,1,06,06
2326,01,02,02,02,1,06,06
2327,01,02,02,01,1,06,05
2328,01,01,02,01,1,06,07
2329,01,01,02,02,1,06,04
2330,01,02,01,02,1,06,04
2331,01,02,01,01,1,06,07
2332,01,02,02,01,0,01,08
2333,01,01,01,01,0,01,08
2334,01,01,02,01,0,01,05
2335,01,01,02,02,0,01,06
2336,01,02,01,02,0,01,06
2337,01,02,01,01,0,01,05
2338,01,01,01,01,0,01,07
2339,01,01,01,02,0,01,04
2340,01,02,02,02,0,01,04
2341,01,02,02,01,0,01,07
2342,01,02,02,02,0,01,03
2343,01,01,01,02,0,01,03
2344,01,02,01,01,0,01,02
2345,01,01,02,02,0,01,01
2346,01,01,02,01,0,01,02
2347,01,02,01,01,0,01,03
2348,01,01,02,01,0,01,03
2349,01,02,02,02,0,01,02
2350,01,01,01,02,0,01,02
2351,01,01,01,01,0,01,01
2352,01,02,01,02,0,01,08
2353,01,01,02,02,0,01,08
2354,01,01,01,01,0,01,06
2355,01,01,01,02,0,01,05
2356,01,02,02,02,0,01,05
2357,01,02,02,01,0,01,06
2358,01,01,02,01,0,01,04
2359,01,01,02,02,0,01,07
2360,01,02,01,02,0,01,07
2361,01,02,01,01,0,01,04
2362,01,01,02,02,0,01,02
2363,01,01,02,01,0,01,01
2364,01,02,01,02,0,01,02
2365,01,01,01,01,0,01,03
2366,01,02,02,01,0,01,03
2367,01,01,01,02,0,01,08
2368,01,02,02,02,0,01,08
2369,01,02,02,02,0,01,07
2370,01,02,02,01,0,01,04
2371,01,01,01,01,0,01,04
2372,01,01,01,02,0,01,07
2373,01,02,01,02,0,01,05
2374,01,02,01,01,0,01,06
2375,01,01,02,01,0,01,06
2376,01,01,02,02,0,01,05
2377,01,01,02,01,0,01,08
2378,01,02,01,01,0,01,08
2379,01,02,01,02,0,01,04
2380,01,02,01,01,0,01,07
2381,01,01,02,01,0,01,07
2382,01,01,02,02,0,01,04
2383,01,02,02,02,0,01,06
2384,01,02,02,01,0,01,05
2385,01,01,01,01,0,01,05
2386,01,01,01,02,0,01,06
2387,01,01,01,02,0,01,01
2388,01,01,01,01,0,01,02
2389,01,02,02,01,0,01,02
2390,01,01,02,02,0,01,03
2391,01,02,01,02,0,01,03
2392,01,01,02,01,1,08,08
2393,01,02,01,01,1,08,08
2394,01,02,01,01,1,08,07
2395,01,02,01,02,1,08,04
2396,01,01,02,02,1,08,04
2397,01,01,02,01,1,08,07
2398,01,02,02,01,1,08,05
2399,01,02,02,02,1,08,06
2400,01,01,01,02,1,08,06
2401,01,01,01,01,1,08,05
2402,01,01,01,01,1,08,02
2403,01,01,01,02,1,08,01
2404,01,02,02,01,1,08,02
2405,01,01,02,02,1,08,03
2406,01,02,01,02,1,08,03
2407,01,01,02,01,1,08,01
2408,01,01,02,02,1,08,02
2409,01,02,01,02,1,08,02
2410,01,01,01,01,1,08,03
2411,01,02,02,01,1,08,03
2412,01,01,01,02,1,08,08
2413,01,02,02,02,1,08,08
2414,01,02,02,01,1,08,04
2415,01,02,02,02,1,08,07
2416,01,01,01,02,1,08,07
2417,01,01,01,01,1,08,04
2418,01,02,01,01,1,08,06
2419,01,02,01,02,1,08,05
2420,01,01,02,02,1,08,05
2421,01,01,02,01,1,08,06
2422,01,02,01,01,1,08,03
2423,01,01,02,01,1,08,03
2424,01,02,02,02,1,08,02
2425,01,01,01,01,1,08,01
2426,01,01,01,02,1,08,02
2427,01,02,01,02,1,08,08
2428,01,01,02,02,1,08,08
2429,01,01,01,02,1,08,05
2430,01,01,01,01,1,08,06
2431,01,02,02,01,1,08,06
2432,01,02,02,02,1,08,05
2433,01,01,02,02,1,08,07
2434,01,01,02,01,1,08,04
2435,01,02,01,01,1,08,04
2436,01,02,01,02,1,08,07
2437,01,02,02,01,1,08,08
2438,01,01,01,01,1,08,08
2439,01,01,02,02,1,08,06
2440,01,01,02,01,1,08,05
2441,01,02,01,01,1,08,05
2442,01,02,01,02,1,08,06
2443,01,01,01,02,1,08,04
2444,01,01,01,01,1,08,07
2445,01,02,02,01,1,08,07
2446,01,02,02,02,1,08,04
2447,01,02,02,02,1,08,03
2448,01,01,01,02,1,08,03
2449,01,02,01,01,1,08,02
2450,01,01,02,01,1,08,02
2451,01,01,02,02,1,08,01
